{
  "startTime": 6259.6852,
  "endTime": 6893.1064,
  "listAccountsTime": 375.6815999999999,
  "getMarketTradesTime": 104.29770000000008,
  "generateClientOrderIDTime": 0.19390000000021246,
  "createSellOrderTime": 139.34150000000045
}